updated_at,id,start_date,end_date,election_type,result_type,special,office,district,name_raw,last_name,first_name,suffix,middle_name,party,parent_jurisdiction,jurisdiction,division,votes,votes_type,total_votes,winner,write_in,year
2015-12-31 10:26:52.347000,ia-2000-06-06-primary,2000-06-06 00:00:00,2000-06-06 00:00:00,primary,certified,False,STATE REPRESENTATIVE,99,TOTALS,,,,,REP,,Iowa,ocd-division/country:us/state:ia,7,,,,,2000
2015-12-31 10:26:52.347000,ia-2000-06-06-primary,2000-06-06 00:00:00,2000-06-06 00:00:00,primary,certified,False,STATE REPRESENTATIVE,99,SCATTERING,,,,,REP,,Iowa,ocd-division/country:us/state:ia,7,,,,True,2000
2015-12-31 10:26:52.347000,ia-2000-06-06-primary,2000-06-06 00:00:00,2000-06-06 00:00:00,primary,certified,False,STATE REPRESENTATIVE,99,TOTALS,,,,,DEM,,Iowa,ocd-division/country:us/state:ia,1581,,,,,2000
2015-12-31 10:26:52.347000,ia-2000-06-06-primary,2000-06-06 00:00:00,2000-06-06 00:00:00,primary,certified,False,STATE REPRESENTATIVE,99,SCATTERING,,,,,DEM,,Iowa,ocd-division/country:us/state:ia,10,,,,True,2000
2015-12-31 10:26:52.347000,ia-2000-06-06-primary,2000-06-06 00:00:00,2000-06-06 00:00:00,primary,certified,False,STATE REPRESENTATIVE,99,RICK LARKIN,,,,,DEM,,Iowa,ocd-division/country:us/state:ia,1571,,,,,2000
2015-12-31 10:26:52.347000,ia-2000-06-06-primary,2000-06-06 00:00:00,2000-06-06 00:00:00,primary,certified,False,STATE REPRESENTATIVE,98,TOTALS,,,,,REP,,Iowa,ocd-division/country:us/state:ia,599,,,,,2000
2015-12-31 10:26:52.347000,ia-2000-06-06-primary,2000-06-06 00:00:00,2000-06-06 00:00:00,primary,certified,False,STATE REPRESENTATIVE,98,SCATTERING,,,,,REP,,Iowa,ocd-division/country:us/state:ia,1,,,,True,2000
2015-12-31 10:26:52.347000,ia-2000-06-06-primary,2000-06-06 00:00:00,2000-06-06 00:00:00,primary,certified,False,STATE REPRESENTATIVE,98,DAVID E. PARIS,,,,,REP,,Iowa,ocd-division/country:us/state:ia,598,,,,,2000
2015-12-31 10:26:52.347000,ia-2000-06-06-primary,2000-06-06 00:00:00,2000-06-06 00:00:00,primary,certified,False,STATE REPRESENTATIVE,98,TOTALS,,,,,DEM,,Iowa,ocd-division/country:us/state:ia,622,,,,,2000
2015-12-31 10:26:52.347000,ia-2000-06-06-primary,2000-06-06 00:00:00,2000-06-06 00:00:00,primary,certified,False,STATE REPRESENTATIVE,98,SCATTERING,,,,,DEM,,Iowa,ocd-division/country:us/state:ia,8,,,,True,2000
2015-12-31 10:26:52.347000,ia-2000-06-06-primary,2000-06-06 00:00:00,2000-06-06 00:00:00,primary,certified,False,STATE REPRESENTATIVE,98,PHILIP WISE,,,,,DEM,,Iowa,ocd-division/country:us/state:ia,614,,,,,2000
2015-12-31 10:26:52.347000,ia-2000-06-06-primary,2000-06-06 00:00:00,2000-06-06 00:00:00,primary,certified,False,STATE REPRESENTATIVE,96,TOTALS,,,,,REP,,Iowa,ocd-division/country:us/state:ia,1727,,,,,2000
2015-12-31 10:26:52.347000,ia-2000-06-06-primary,2000-06-06 00:00:00,2000-06-06 00:00:00,primary,certified,False,STATE REPRESENTATIVE,96,SCATTERING,,,,,REP,,Iowa,ocd-division/country:us/state:ia,3,,,,True,2000
2015-12-31 10:26:52.347000,ia-2000-06-06-primary,2000-06-06 00:00:00,2000-06-06 00:00:00,primary,certified,False,STATE REPRESENTATIVE,96,DOUGLAS SHEETZ,,,,,REP,,Iowa,ocd-division/country:us/state:ia,710,,,,,2000
2015-12-31 10:26:52.347000,ia-2000-06-06-primary,2000-06-06 00:00:00,2000-06-06 00:00:00,primary,certified,False,STATE REPRESENTATIVE,96,BETTY R. DE BOEF,,,,,REP,,Iowa,ocd-division/country:us/state:ia,1014,,,,,2000
2015-12-31 10:26:52.347000,ia-2000-06-06-primary,2000-06-06 00:00:00,2000-06-06 00:00:00,primary,certified,False,STATE REPRESENTATIVE,96,TOTALS,,,,,DEM,,Iowa,ocd-division/country:us/state:ia,572,,,,,2000
2015-12-31 10:26:52.347000,ia-2000-06-06-primary,2000-06-06 00:00:00,2000-06-06 00:00:00,primary,certified,False,STATE REPRESENTATIVE,96,SCATTERING,,,,,DEM,,Iowa,ocd-division/country:us/state:ia,4,,,,True,2000
2015-12-31 10:26:52.347000,ia-2000-06-06-primary,2000-06-06 00:00:00,2000-06-06 00:00:00,primary,certified,False,STATE REPRESENTATIVE,96,ROSE JAYNES,,,,,DEM,,Iowa,ocd-division/country:us/state:ia,568,,,,,2000
2015-12-31 10:26:52.347000,ia-2000-06-06-primary,2000-06-06 00:00:00,2000-06-06 00:00:00,primary,certified,False,STATE REPRESENTATIVE,95,TOTALS,,,,,REP,,Iowa,ocd-division/country:us/state:ia,577,,,,,2000
2015-12-31 10:26:52.347000,ia-2000-06-06-primary,2000-06-06 00:00:00,2000-06-06 00:00:00,primary,certified,False,STATE REPRESENTATIVE,95,SCATTERING,,,,,REP,,Iowa,ocd-division/country:us/state:ia,7,,,,True,2000
2015-12-31 10:26:52.347000,ia-2000-06-06-primary,2000-06-06 00:00:00,2000-06-06 00:00:00,primary,certified,False,STATE REPRESENTATIVE,95,VAN ENGLE- HOVE,,,,,REP,,Iowa,ocd-division/country:us/state:ia,570,,,,,2000
2015-12-31 10:26:52.347000,ia-2000-06-06-primary,2000-06-06 00:00:00,2000-06-06 00:00:00,primary,certified,False,STATE REPRESENTATIVE,95,TOTALS,,,,,DEM,,Iowa,ocd-division/country:us/state:ia,29,,,,,2000
2015-12-31 10:26:52.347000,ia-2000-06-06-primary,2000-06-06 00:00:00,2000-06-06 00:00:00,primary,certified,False,STATE REPRESENTATIVE,95,SCATTERING,,,,,DEM,,Iowa,ocd-division/country:us/state:ia,29,,,,True,2000
2015-12-31 10:26:52.347000,ia-2000-06-06-primary,2000-06-06 00:00:00,2000-06-06 00:00:00,primary,certified,False,STATE REPRESENTATIVE,94,TOTALS,,,,,REP,,Iowa,ocd-division/country:us/state:ia,2864,,,,,2000
2015-12-31 10:26:52.347000,ia-2000-06-06-primary,2000-06-06 00:00:00,2000-06-06 00:00:00,primary,certified,False,STATE REPRESENTATIVE,94,SCATTERING,,,,,REP,,Iowa,ocd-division/country:us/state:ia,134,,,,True,2000
2015-12-31 10:26:52.347000,ia-2000-06-06-primary,2000-06-06 00:00:00,2000-06-06 00:00:00,primary,certified,False,STATE REPRESENTATIVE,94,NICK A. ADAM,,,,,REP,,Iowa,ocd-division/country:us/state:ia,2730,,,,,2000
2015-12-31 10:26:52.347000,ia-2000-06-06-primary,2000-06-06 00:00:00,2000-06-06 00:00:00,primary,certified,False,STATE REPRESENTATIVE,94,TOTALS,,,,,DEM,,Iowa,ocd-division/country:us/state:ia,638,,,,,2000
2015-12-31 10:26:52.347000,ia-2000-06-06-primary,2000-06-06 00:00:00,2000-06-06 00:00:00,primary,certified,False,STATE REPRESENTATIVE,94,SCATTERING,,,,,DEM,,Iowa,ocd-division/country:us/state:ia,12,,,,True,2000
2015-12-31 10:26:52.347000,ia-2000-06-06-primary,2000-06-06 00:00:00,2000-06-06 00:00:00,primary,certified,False,STATE REPRESENTATIVE,94,REBECCA REYNOLDS,,,,,DEM,,Iowa,ocd-division/country:us/state:ia,626,,,,,2000
2015-12-31 10:26:52.347000,ia-2000-06-06-primary,2000-06-06 00:00:00,2000-06-06 00:00:00,primary,certified,False,STATE REPRESENTATIVE,92,TOTALS,,,,,REP,,Iowa,ocd-division/country:us/state:ia,3,,,,,2000
2015-12-31 10:26:52.347000,ia-2000-06-06-primary,2000-06-06 00:00:00,2000-06-06 00:00:00,primary,certified,False,STATE REPRESENTATIVE,92,SCATTERING,,,,,REP,,Iowa,ocd-division/country:us/state:ia,3,,,,True,2000
2015-12-31 10:26:52.347000,ia-2000-06-06-primary,2000-06-06 00:00:00,2000-06-06 00:00:00,primary,certified,False,STATE REPRESENTATIVE,92,TOTALS,,,,,DEM,,Iowa,ocd-division/country:us/state:ia,885,,,,,2000
2015-12-31 10:26:52.347000,ia-2000-06-06-primary,2000-06-06 00:00:00,2000-06-06 00:00:00,primary,certified,False,STATE REPRESENTATIVE,92,SCATTERING,,,,,DEM,,Iowa,ocd-division/country:us/state:ia,2,,,,True,2000
2015-12-31 10:26:52.347000,ia-2000-06-06-primary,2000-06-06 00:00:00,2000-06-06 00:00:00,primary,certified,False,STATE REPRESENTATIVE,92,KEITH A. KREIMAN,,,,,DEM,,Iowa,ocd-division/country:us/state:ia,883,,,,,2000
2015-12-31 10:26:52.347000,ia-2000-06-06-primary,2000-06-06 00:00:00,2000-06-06 00:00:00,primary,certified,False,STATE REPRESENTATIVE,91,TOTALS,,,,,REP,,Iowa,ocd-division/country:us/state:ia,1331,,,,,2000
2015-12-31 10:26:52.347000,ia-2000-06-06-primary,2000-06-06 00:00:00,2000-06-06 00:00:00,primary,certified,False,STATE REPRESENTATIVE,91,SCATTERING,,,,,REP,,Iowa,ocd-division/country:us/state:ia,1,,,,True,2000
2015-12-31 10:26:52.347000,ia-2000-06-06-primary,2000-06-06 00:00:00,2000-06-06 00:00:00,primary,certified,False,STATE REPRESENTATIVE,91,RICHARD D. ARNOLD,,,,,REP,,Iowa,ocd-division/country:us/state:ia,1330,,,,,2000
2015-12-31 10:26:52.347000,ia-2000-06-06-primary,2000-06-06 00:00:00,2000-06-06 00:00:00,primary,certified,False,STATE REPRESENTATIVE,91,TOTALS,,,,,DEM,,Iowa,ocd-division/country:us/state:ia,733,,,,,2000
2015-12-31 10:26:52.347000,ia-2000-06-06-primary,2000-06-06 00:00:00,2000-06-06 00:00:00,primary,certified,False,STATE REPRESENTATIVE,91,SCATTERING,,,,,DEM,,Iowa,ocd-division/country:us/state:ia,2,,,,True,2000
2015-12-31 10:26:52.347000,ia-2000-06-06-primary,2000-06-06 00:00:00,2000-06-06 00:00:00,primary,certified,False,STATE REPRESENTATIVE,91,JOHN AMOS,,,,,DEM,,Iowa,ocd-division/country:us/state:ia,731,,,,,2000
2015-12-31 10:26:52.347000,ia-2000-06-06-primary,2000-06-06 00:00:00,2000-06-06 00:00:00,primary,certified,False,STATE REPRESENTATIVE,90,TOTALS,,,,,REP,,Iowa,ocd-division/country:us/state:ia,373,,,,,2000
2015-12-31 10:26:52.347000,ia-2000-06-06-primary,2000-06-06 00:00:00,2000-06-06 00:00:00,primary,certified,False,STATE REPRESENTATIVE,90,SCATTERING,,,,,REP,,Iowa,ocd-division/country:us/state:ia,1,,,,True,2000
2015-12-31 10:26:52.347000,ia-2000-06-06-primary,2000-06-06 00:00:00,2000-06-06 00:00:00,primary,certified,False,STATE REPRESENTATIVE,90,TAMARA R. SCOTT,,,,,REP,,Iowa,ocd-division/country:us/state:ia,372,,,,,2000
2015-12-31 10:26:52.347000,ia-2000-06-06-primary,2000-06-06 00:00:00,2000-06-06 00:00:00,primary,certified,False,STATE REPRESENTATIVE,90,TOTALS,,,,,DEM,,Iowa,ocd-division/country:us/state:ia,678,,,,,2000
2015-12-31 10:26:52.347000,ia-2000-06-06-primary,2000-06-06 00:00:00,2000-06-06 00:00:00,primary,certified,False,STATE REPRESENTATIVE,90,SCATTERING,,,,,DEM,,Iowa,ocd-division/country:us/state:ia,2,,,,True,2000
2015-12-31 10:26:52.347000,ia-2000-06-06-primary,2000-06-06 00:00:00,2000-06-06 00:00:00,primary,certified,False,STATE REPRESENTATIVE,90,DAVID SCHRADER,,,,,DEM,,Iowa,ocd-division/country:us/state:ia,676,,,,,2000
2015-12-31 10:26:52.347000,ia-2000-06-06-primary,2000-06-06 00:00:00,2000-06-06 00:00:00,primary,certified,False,STATE REPRESENTATIVE,88,TOTALS,,,,,REP,,Iowa,ocd-division/country:us/state:ia,1871,,,,,2000
2015-12-31 10:26:52.347000,ia-2000-06-06-primary,2000-06-06 00:00:00,2000-06-06 00:00:00,primary,certified,False,STATE REPRESENTATIVE,88,SCATTERING,,,,,REP,,Iowa,ocd-division/country:us/state:ia,5,,,,True,2000
2015-12-31 10:26:52.347000,ia-2000-06-06-primary,2000-06-06 00:00:00,2000-06-06 00:00:00,primary,certified,False,STATE REPRESENTATIVE,88,CECIL DOLECHECK,,,,,REP,,Iowa,ocd-division/country:us/state:ia,1866,,,,,2000
2015-12-31 10:26:52.347000,ia-2000-06-06-primary,2000-06-06 00:00:00,2000-06-06 00:00:00,primary,certified,False,STATE REPRESENTATIVE,88,TOTALS,,,,,DEM,,Iowa,ocd-division/country:us/state:ia,1034,,,,,2000
2015-12-31 10:26:52.347000,ia-2000-06-06-primary,2000-06-06 00:00:00,2000-06-06 00:00:00,primary,certified,False,STATE REPRESENTATIVE,88,SCATTERING,,,,,DEM,,Iowa,ocd-division/country:us/state:ia,3,,,,True,2000
2015-12-31 10:26:52.347000,ia-2000-06-06-primary,2000-06-06 00:00:00,2000-06-06 00:00:00,primary,certified,False,STATE REPRESENTATIVE,88,RICH FLYNN,,,,,DEM,,Iowa,ocd-division/country:us/state:ia,1031,,,,,2000
2015-12-31 10:26:52.347000,ia-2000-06-06-primary,2000-06-06 00:00:00,2000-06-06 00:00:00,primary,certified,False,STATE REPRESENTATIVE,15,TOTALS,,,,,REP,,Iowa,ocd-division/country:us/state:ia,916,,,,,2000
2015-12-31 10:26:52.347000,ia-2000-06-06-primary,2000-06-06 00:00:00,2000-06-06 00:00:00,primary,certified,False,STATE REPRESENTATIVE,15,SCATTERING,,,,,REP,,Iowa,ocd-division/country:us/state:ia,25,,,,True,2000
2015-12-31 10:26:52.347000,ia-2000-06-06-primary,2000-06-06 00:00:00,2000-06-06 00:00:00,primary,certified,False,STATE REPRESENTATIVE,15,EFFIE LEE BOGGESS,,,,,REP,,Iowa,ocd-division/country:us/state:ia,891,,,,,2000
2015-12-31 10:26:52.347000,ia-2000-06-06-primary,2000-06-06 00:00:00,2000-06-06 00:00:00,primary,certified,False,STATE REPRESENTATIVE,15,TOTALS,,,,,DEM,,Iowa,ocd-division/country:us/state:ia,270,,,,,2000
2015-12-31 10:26:52.347000,ia-2000-06-06-primary,2000-06-06 00:00:00,2000-06-06 00:00:00,primary,certified,False,STATE REPRESENTATIVE,15,SCATTERING,,,,,DEM,,Iowa,ocd-division/country:us/state:ia,2,,,,True,2000
2015-12-31 10:26:52.347000,ia-2000-06-06-primary,2000-06-06 00:00:00,2000-06-06 00:00:00,primary,certified,False,STATE REPRESENTATIVE,15,THOMAS FINE,,,,,DEM,,Iowa,ocd-division/country:us/state:ia,268,,,,,2000
2015-12-31 10:26:52.347000,ia-2000-06-06-primary,2000-06-06 00:00:00,2000-06-06 00:00:00,primary,certified,False,STATE REPRESENTATIVE,86,TOTALS,,,,,REP,,Iowa,ocd-division/country:us/state:ia,3214,,,,,2000
2015-12-31 10:26:52.347000,ia-2000-06-06-primary,2000-06-06 00:00:00,2000-06-06 00:00:00,primary,certified,False,STATE REPRESENTATIVE,86,SCATTERING,,,,,REP,,Iowa,ocd-division/country:us/state:ia,15,,,,True,2000
2015-12-31 10:26:52.347000,ia-2000-06-06-primary,2000-06-06 00:00:00,2000-06-06 00:00:00,primary,certified,False,STATE REPRESENTATIVE,86,DICK WEIDMAN,,,,,REP,,Iowa,ocd-division/country:us/state:ia,3199,,,,,2000
2015-12-31 10:26:52.347000,ia-2000-06-06-primary,2000-06-06 00:00:00,2000-06-06 00:00:00,primary,certified,False,STATE REPRESENTATIVE,86,TOTALS,,,,,DEM,,Iowa,ocd-division/country:us/state:ia,10,,,,,2000
2015-12-31 10:26:52.347000,ia-2000-06-06-primary,2000-06-06 00:00:00,2000-06-06 00:00:00,primary,certified,False,STATE REPRESENTATIVE,86,SCATTERING,,,,,DEM,,Iowa,ocd-division/country:us/state:ia,10,,,,True,2000
2015-12-31 10:26:52.347000,ia-2000-06-06-primary,2000-06-06 00:00:00,2000-06-06 00:00:00,primary,certified,False,STATE REPRESENTATIVE,85,TOTALS,,,,,REP,,Iowa,ocd-division/country:us/state:ia,1310,,,,,2000
2015-12-31 10:26:52.347000,ia-2000-06-06-primary,2000-06-06 00:00:00,2000-06-06 00:00:00,primary,certified,False,STATE REPRESENTATIVE,85,SCATTERING,,,,,REP,,Iowa,ocd-division/country:us/state:ia,8,,,,True,2000
2015-12-31 10:26:52.347000,ia-2000-06-06-primary,2000-06-06 00:00:00,2000-06-06 00:00:00,primary,certified,False,STATE REPRESENTATIVE,85,HUBERT HOUSER,,,,,REP,,Iowa,ocd-division/country:us/state:ia,1302,,,,,2000
2015-12-31 10:26:52.347000,ia-2000-06-06-primary,2000-06-06 00:00:00,2000-06-06 00:00:00,primary,certified,False,STATE REPRESENTATIVE,85,TOTALS,,,,,DEM,,Iowa,ocd-division/country:us/state:ia,389,,,,,2000
2015-12-31 10:26:52.347000,ia-2000-06-06-primary,2000-06-06 00:00:00,2000-06-06 00:00:00,primary,certified,False,STATE REPRESENTATIVE,85,SCATTERING,,,,,DEM,,Iowa,ocd-division/country:us/state:ia,5,,,,True,2000
2015-12-31 10:26:52.347000,ia-2000-06-06-primary,2000-06-06 00:00:00,2000-06-06 00:00:00,primary,certified,False,STATE REPRESENTATIVE,85,CHUCK LARSON,,,,,DEM,,Iowa,ocd-division/country:us/state:ia,384,,,,,2000
2015-12-31 10:26:52.347000,ia-2000-06-06-primary,2000-06-06 00:00:00,2000-06-06 00:00:00,primary,certified,False,STATE REPRESENTATIVE,82,TOTALS,,,,,REP,,Iowa,ocd-division/country:us/state:ia,707,,,,,2000
2015-12-31 10:26:52.347000,ia-2000-06-06-primary,2000-06-06 00:00:00,2000-06-06 00:00:00,primary,certified,False,STATE REPRESENTATIVE,82,SCATTERING,,,,,REP,,Iowa,ocd-division/country:us/state:ia,6,,,,True,2000
2015-12-31 10:26:52.347000,ia-2000-06-06-primary,2000-06-06 00:00:00,2000-06-06 00:00:00,primary,certified,False,STATE REPRESENTATIVE,82,DONNA M. BARRY,,,,,REP,,Iowa,ocd-division/country:us/state:ia,701,,,,,2000
2015-12-31 10:26:52.347000,ia-2000-06-06-primary,2000-06-06 00:00:00,2000-06-06 00:00:00,primary,certified,False,STATE REPRESENTATIVE,82,TOTALS,,,,,DEM,,Iowa,ocd-division/country:us/state:ia,342,,,,,2000
2015-12-31 10:26:52.347000,ia-2000-06-06-primary,2000-06-06 00:00:00,2000-06-06 00:00:00,primary,certified,False,STATE REPRESENTATIVE,82,SCATTERING,,,,,DEM,,Iowa,ocd-division/country:us/state:ia,1,,,,True,2000
2015-12-31 10:26:52.347000,ia-2000-06-06-primary,2000-06-06 00:00:00,2000-06-06 00:00:00,primary,certified,False,STATE REPRESENTATIVE,82,ROD CAMERON,,,,,DEM,,Iowa,ocd-division/country:us/state:ia,341,,,,,2000
2015-12-31 10:26:52.347000,ia-2000-06-06-primary,2000-06-06 00:00:00,2000-06-06 00:00:00,primary,certified,False,STATE REPRESENTATIVE,81,TOTALS,,,,,REP,,Iowa,ocd-division/country:us/state:ia,2511,,,,,2000
2015-12-31 10:26:52.347000,ia-2000-06-06-primary,2000-06-06 00:00:00,2000-06-06 00:00:00,primary,certified,False,STATE REPRESENTATIVE,81,SCATTERING,,,,,REP,,Iowa,ocd-division/country:us/state:ia,5,,,,True,2000
2015-12-31 10:26:52.347000,ia-2000-06-06-primary,2000-06-06 00:00:00,2000-06-06 00:00:00,primary,certified,False,STATE REPRESENTATIVE,81,JACK DRAKE,,,,,REP,,Iowa,ocd-division/country:us/state:ia,2506,,,,,2000
2015-12-31 10:26:52.347000,ia-2000-06-06-primary,2000-06-06 00:00:00,2000-06-06 00:00:00,primary,certified,False,STATE REPRESENTATIVE,81,TOTALS,,,,,DEM,,Iowa,ocd-division/country:us/state:ia,797,,,,,2000
2015-12-31 10:26:52.347000,ia-2000-06-06-primary,2000-06-06 00:00:00,2000-06-06 00:00:00,primary,certified,False,STATE REPRESENTATIVE,81,SCATTERING,,,,,DEM,,Iowa,ocd-division/country:us/state:ia,2,,,,True,2000
2015-12-31 10:26:52.347000,ia-2000-06-06-primary,2000-06-06 00:00:00,2000-06-06 00:00:00,primary,certified,False,STATE REPRESENTATIVE,81,JACK RYAN,,,,,DEM,,Iowa,ocd-division/country:us/state:ia,795,,,,,2000
2015-12-31 10:26:52.347000,ia-2000-06-06-primary,2000-06-06 00:00:00,2000-06-06 00:00:00,primary,certified,False,STATE REPRESENTATIVE,80,TOTALS,,,,,REP,,Iowa,ocd-division/country:us/state:ia,471,,,,,2000
2015-12-31 10:26:52.347000,ia-2000-06-06-primary,2000-06-06 00:00:00,2000-06-06 00:00:00,primary,certified,False,STATE REPRESENTATIVE,80,SCATTERING,,,,,REP,,Iowa,ocd-division/country:us/state:ia,5,,,,True,2000
2015-12-31 10:26:52.347000,ia-2000-06-06-primary,2000-06-06 00:00:00,2000-06-06 00:00:00,primary,certified,False,STATE REPRESENTATIVE,80,ROD ROBERTS,,,,,REP,,Iowa,ocd-division/country:us/state:ia,466,,,,,2000
2015-12-31 10:26:52.347000,ia-2000-06-06-primary,2000-06-06 00:00:00,2000-06-06 00:00:00,primary,certified,False,STATE REPRESENTATIVE,80,TOTALS,,,,,DEM,,Iowa,ocd-division/country:us/state:ia,2502,,,,,2000
2015-12-31 10:26:52.347000,ia-2000-06-06-primary,2000-06-06 00:00:00,2000-06-06 00:00:00,primary,certified,False,STATE REPRESENTATIVE,80,SCATTERING,,,,,DEM,,Iowa,ocd-division/country:us/state:ia,2,,,,True,2000
2015-12-31 10:26:52.347000,ia-2000-06-06-primary,2000-06-06 00:00:00,2000-06-06 00:00:00,primary,certified,False,STATE REPRESENTATIVE,80,THOMAS H. HALBUR,,,,,DEM,,Iowa,ocd-division/country:us/state:ia,1749,,,,,2000
2015-12-31 10:26:52.347000,ia-2000-06-06-primary,2000-06-06 00:00:00,2000-06-06 00:00:00,primary,certified,False,STATE REPRESENTATIVE,80,DAVID GARST,,,,,DEM,,Iowa,ocd-division/country:us/state:ia,751,,,,,2000
2015-12-31 10:26:52.347000,ia-2000-06-06-primary,2000-06-06 00:00:00,2000-06-06 00:00:00,primary,certified,False,STATE REPRESENTATIVE,79,TOTALS,,,,,REP,,Iowa,ocd-division/country:us/state:ia,15,,,,,2000
2015-12-31 10:26:52.347000,ia-2000-06-06-primary,2000-06-06 00:00:00,2000-06-06 00:00:00,primary,certified,False,STATE REPRESENTATIVE,79,SCATTERING,,,,,REP,,Iowa,ocd-division/country:us/state:ia,15,,,,True,2000
2015-12-31 10:26:52.347000,ia-2000-06-06-primary,2000-06-06 00:00:00,2000-06-06 00:00:00,primary,certified,False,STATE REPRESENTATIVE,79,TOTALS,,,,,DEM,,Iowa,ocd-division/country:us/state:ia,1455,,,,,2000
2015-12-31 10:26:52.347000,ia-2000-06-06-primary,2000-06-06 00:00:00,2000-06-06 00:00:00,primary,certified,False,STATE REPRESENTATIVE,79,SCATTERING,,,,,DEM,,Iowa,ocd-division/country:us/state:ia,5,,,,True,2000
2015-12-31 10:26:52.347000,ia-2000-06-06-primary,2000-06-06 00:00:00,2000-06-06 00:00:00,primary,certified,False,STATE REPRESENTATIVE,79,MICHAEL J. O'BRIEN,,,,,DEM,,Iowa,ocd-division/country:us/state:ia,1450,,,,,2000
2015-12-31 10:26:52.347000,ia-2000-06-06-primary,2000-06-06 00:00:00,2000-06-06 00:00:00,primary,certified,False,STATE REPRESENTATIVE,78,TOTALS,,,,,REP,,Iowa,ocd-division/country:us/state:ia,1864,,,,,2000
2015-12-31 10:26:52.347000,ia-2000-06-06-primary,2000-06-06 00:00:00,2000-06-06 00:00:00,primary,certified,False,STATE REPRESENTATIVE,78,SCATTERING,,,,,REP,,Iowa,ocd-division/country:us/state:ia,12,,,,True,2000
2015-12-31 10:26:52.347000,ia-2000-06-06-primary,2000-06-06 00:00:00,2000-06-06 00:00:00,primary,certified,False,STATE REPRESENTATIVE,78,CLEL BAUDLER,,,,,REP,,Iowa,ocd-division/country:us/state:ia,1864,,,,,2000
2015-12-31 10:26:52.347000,ia-2000-06-06-primary,2000-06-06 00:00:00,2000-06-06 00:00:00,primary,certified,False,STATE REPRESENTATIVE,78,TOTALS,,,,,DEM,,Iowa,ocd-division/country:us/state:ia,690,,,,,2000
2015-12-31 10:26:52.347000,ia-2000-06-06-primary,2000-06-06 00:00:00,2000-06-06 00:00:00,primary,certified,False,STATE REPRESENTATIVE,78,SCATTERING,,,,,DEM,,Iowa,ocd-division/country:us/state:ia,3,,,,True,2000
2015-12-31 10:26:52.347000,ia-2000-06-06-primary,2000-06-06 00:00:00,2000-06-06 00:00:00,primary,certified,False,STATE REPRESENTATIVE,78,WARREN A. VARLEY,,,,,DEM,,Iowa,ocd-division/country:us/state:ia,687,,,,,2000
2015-12-31 10:26:52.347000,ia-2000-06-06-primary,2000-06-06 00:00:00,2000-06-06 00:00:00,primary,certified,False,STATE REPRESENTATIVE,77,TOTALS,,,,,REP,,Iowa,ocd-division/country:us/state:ia,576,,,,,2000
2015-12-31 10:26:52.347000,ia-2000-06-06-primary,2000-06-06 00:00:00,2000-06-06 00:00:00,primary,certified,False,STATE REPRESENTATIVE,77,SCATTERING,,,,,REP,,Iowa,ocd-division/country:us/state:ia,2,,,,True,2000
2015-12-31 10:26:52.347000,ia-2000-06-06-primary,2000-06-06 00:00:00,2000-06-06 00:00:00,primary,certified,False,STATE REPRESENTATIVE,77,JODI TYMESON,,,,,REP,,Iowa,ocd-division/country:us/state:ia,574,,,,,2000
2015-12-31 10:26:52.347000,ia-2000-06-06-primary,2000-06-06 00:00:00,2000-06-06 00:00:00,primary,certified,False,STATE REPRESENTATIVE,77,TOTALS,,,,,DEM,,Iowa,ocd-division/country:us/state:ia,750,,,,,2000
2015-12-31 10:26:52.347000,ia-2000-06-06-primary,2000-06-06 00:00:00,2000-06-06 00:00:00,primary,certified,False,STATE REPRESENTATIVE,77,SCATTERING,,,,,DEM,,Iowa,ocd-division/country:us/state:ia,1,,,,True,2000
2015-12-31 10:26:52.347000,ia-2000-06-06-primary,2000-06-06 00:00:00,2000-06-06 00:00:00,primary,certified,False,STATE REPRESENTATIVE,77,KATHRYN K. POWELL,,,,,DEM,,Iowa,ocd-division/country:us/state:ia,749,,,,,2000
2015-12-31 10:26:52.347000,ia-2000-06-06-primary,2000-06-06 00:00:00,2000-06-06 00:00:00,primary,certified,False,STATE REPRESENTATIVE,76,TOTALS,,,,,REP,,Iowa,ocd-division/country:us/state:ia,662,,,,,2000
2015-12-31 10:26:52.347000,ia-2000-06-06-primary,2000-06-06 00:00:00,2000-06-06 00:00:00,primary,certified,False,STATE REPRESENTATIVE,76,SCATTERING,,,,,REP,,Iowa,ocd-division/country:us/state:ia,4,,,,True,2000
2015-12-31 10:26:52.347000,ia-2000-06-06-primary,2000-06-06 00:00:00,2000-06-06 00:00:00,primary,certified,False,STATE REPRESENTATIVE,76,SCOTT RAECKER,,,,,REP,,Iowa,ocd-division/country:us/state:ia,658,,,,,2000
2015-12-31 10:26:52.347000,ia-2000-06-06-primary,2000-06-06 00:00:00,2000-06-06 00:00:00,primary,certified,False,STATE REPRESENTATIVE,76,TOTALS,,,,,DEM,,Iowa,ocd-division/country:us/state:ia,1045,,,,,2000
2015-12-31 10:26:52.347000,ia-2000-06-06-primary,2000-06-06 00:00:00,2000-06-06 00:00:00,primary,certified,False,STATE REPRESENTATIVE,76,SCATTERING,,,,,DEM,,Iowa,ocd-division/country:us/state:ia,5,,,,True,2000
2015-12-31 10:26:52.347000,ia-2000-06-06-primary,2000-06-06 00:00:00,2000-06-06 00:00:00,primary,certified,False,STATE REPRESENTATIVE,76,MIKE HARKIN,,,,,DEM,,Iowa,ocd-division/country:us/state:ia,1040,,,,,2000
2015-12-31 10:26:52.347000,ia-2000-06-06-primary,2000-06-06 00:00:00,2000-06-06 00:00:00,primary,certified,False,STATE REPRESENTATIVE,63,TOTALS,,,,,REP,,Iowa,ocd-division/country:us/state:ia,1711,,,,,2000
2015-12-31 10:26:52.347000,ia-2000-06-06-primary,2000-06-06 00:00:00,2000-06-06 00:00:00,primary,certified,False,STATE REPRESENTATIVE,63,SCATTERING,,,,,REP,,Iowa,ocd-division/country:us/state:ia,3,,,,True,2000
2015-12-31 10:26:52.347000,ia-2000-06-06-primary,2000-06-06 00:00:00,2000-06-06 00:00:00,primary,certified,False,STATE REPRESENTATIVE,63,TERESA GARMAN,,,,,REP,,Iowa,ocd-division/country:us/state:ia,1708,,,,,2000
2015-12-31 10:26:52.347000,ia-2000-06-06-primary,2000-06-06 00:00:00,2000-06-06 00:00:00,primary,certified,False,STATE REPRESENTATIVE,63,TOTALS,,,,,DEM,,Iowa,ocd-division/country:us/state:ia,515,,,,,2000
2015-12-31 10:26:52.347000,ia-2000-06-06-primary,2000-06-06 00:00:00,2000-06-06 00:00:00,primary,certified,False,STATE REPRESENTATIVE,63,SCATTERING,,,,,DEM,,Iowa,ocd-division/country:us/state:ia,3,,,,True,2000
2015-12-31 10:26:52.347000,ia-2000-06-06-primary,2000-06-06 00:00:00,2000-06-06 00:00:00,primary,certified,False,STATE REPRESENTATIVE,63,ROSS IVERSON,,,,,DEM,,Iowa,ocd-division/country:us/state:ia,512,,,,,2000
2015-12-31 10:26:52.347000,ia-2000-06-06-primary,2000-06-06 00:00:00,2000-06-06 00:00:00,primary,certified,False,STATE REPRESENTATIVE,60,TOTALS,,,,,REP,,Iowa,ocd-division/country:us/state:ia,1898,,,,,2000
2015-12-31 10:26:52.347000,ia-2000-06-06-primary,2000-06-06 00:00:00,2000-06-06 00:00:00,primary,certified,False,STATE REPRESENTATIVE,60,SCATTERING,,,,,REP,,Iowa,ocd-division/country:us/state:ia,13,,,,True,2000
2015-12-31 10:26:52.347000,ia-2000-06-06-primary,2000-06-06 00:00:00,2000-06-06 00:00:00,primary,certified,False,STATE REPRESENTATIVE,60,LANCE HORBACH,,,,,REP,,Iowa,ocd-division/country:us/state:ia,1885,,,,,2000
2015-12-31 10:26:52.347000,ia-2000-06-06-primary,2000-06-06 00:00:00,2000-06-06 00:00:00,primary,certified,False,STATE REPRESENTATIVE,60,TOTALS,,,,,DEM,,Iowa,ocd-division/country:us/state:ia,409,,,,,2000
2015-12-31 10:26:52.347000,ia-2000-06-06-primary,2000-06-06 00:00:00,2000-06-06 00:00:00,primary,certified,False,STATE REPRESENTATIVE,60,SCATTERING,,,,,DEM,,Iowa,ocd-division/country:us/state:ia,2,,,,True,2000
2015-12-31 10:26:52.347000,ia-2000-06-06-primary,2000-06-06 00:00:00,2000-06-06 00:00:00,primary,certified,False,STATE REPRESENTATIVE,60,ROSEMARY SCHWARTZ,,,,,DEM,,Iowa,ocd-division/country:us/state:ia,407,,,,,2000
2015-12-31 10:26:52.347000,ia-2000-06-06-primary,2000-06-06 00:00:00,2000-06-06 00:00:00,primary,certified,False,STATE REPRESENTATIVE,59,TOTALS,,,,,REP,,Iowa,ocd-division/country:us/state:ia,436,,,,,2000
2015-12-31 10:26:52.347000,ia-2000-06-06-primary,2000-06-06 00:00:00,2000-06-06 00:00:00,primary,certified,False,STATE REPRESENTATIVE,59,SCATTERING,,,,,REP,,Iowa,ocd-division/country:us/state:ia,5,,,,True,2000
2015-12-31 10:26:52.347000,ia-2000-06-06-primary,2000-06-06 00:00:00,2000-06-06 00:00:00,primary,certified,False,STATE REPRESENTATIVE,59,PHIL TYRRELL,,,,,REP,,Iowa,ocd-division/country:us/state:ia,431,,,,,2000
2015-12-31 10:26:52.347000,ia-2000-06-06-primary,2000-06-06 00:00:00,2000-06-06 00:00:00,primary,certified,False,STATE REPRESENTATIVE,59,TOTALS,,,,,DEM,,Iowa,ocd-division/country:us/state:ia,348,,,,,2000
2015-12-31 10:26:52.347000,ia-2000-06-06-primary,2000-06-06 00:00:00,2000-06-06 00:00:00,primary,certified,False,STATE REPRESENTATIVE,59,SCATTERING,,,,,DEM,,Iowa,ocd-division/country:us/state:ia,0,,,,True,2000
2015-12-31 10:26:52.347000,ia-2000-06-06-primary,2000-06-06 00:00:00,2000-06-06 00:00:00,primary,certified,False,STATE REPRESENTATIVE,59,ROBERT L. WAGNER,,,,,DEM,,Iowa,ocd-division/country:us/state:ia,348,,,,,2000
2015-12-31 10:26:52.347000,ia-2000-06-06-primary,2000-06-06 00:00:00,2000-06-06 00:00:00,primary,certified,False,STATE REPRESENTATIVE,58,TOTALS,,,,,REP,,Iowa,ocd-division/country:us/state:ia,1710,,,,,2000
2015-12-31 10:26:52.347000,ia-2000-06-06-primary,2000-06-06 00:00:00,2000-06-06 00:00:00,primary,certified,False,STATE REPRESENTATIVE,58,SCATTERING,,,,,REP,,Iowa,ocd-division/country:us/state:ia,3,,,,True,2000
2015-12-31 10:26:52.347000,ia-2000-06-06-primary,2000-06-06 00:00:00,2000-06-06 00:00:00,primary,certified,False,STATE REPRESENTATIVE,58,DANNY C. CARROLL,,,,,REP,,Iowa,ocd-division/country:us/state:ia,1707,,,,,2000
2015-12-31 10:26:52.347000,ia-2000-06-06-primary,2000-06-06 00:00:00,2000-06-06 00:00:00,primary,certified,False,STATE REPRESENTATIVE,58,TOTALS,,,,,DEM,,Iowa,ocd-division/country:us/state:ia,797,,,,,2000
2015-12-31 10:26:52.347000,ia-2000-06-06-primary,2000-06-06 00:00:00,2000-06-06 00:00:00,primary,certified,False,STATE REPRESENTATIVE,58,SCATTERING,,,,,DEM,,Iowa,ocd-division/country:us/state:ia,0,,,,True,2000
2015-12-31 10:26:52.347000,ia-2000-06-06-primary,2000-06-06 00:00:00,2000-06-06 00:00:00,primary,certified,False,STATE REPRESENTATIVE,58,WILLIAM MENNER,,,,,DEM,,Iowa,ocd-division/country:us/state:ia,797,,,,,2000
2015-12-31 10:26:52.347000,ia-2000-06-06-primary,2000-06-06 00:00:00,2000-06-06 00:00:00,primary,certified,False,STATE REPRESENTATIVE,56,TOTALS,,,,,REP,,Iowa,ocd-division/country:us/state:ia,666,,,,,2000
2015-12-31 10:26:52.347000,ia-2000-06-06-primary,2000-06-06 00:00:00,2000-06-06 00:00:00,primary,certified,False,STATE REPRESENTATIVE,56,SCATTERING,,,,,REP,,Iowa,ocd-division/country:us/state:ia,7,,,,True,2000
2015-12-31 10:26:52.347000,ia-2000-06-06-primary,2000-06-06 00:00:00,2000-06-06 00:00:00,primary,certified,False,STATE REPRESENTATIVE,56,GENE MANTERNACH,,,,,REP,,Iowa,ocd-division/country:us/state:ia,659,,,,,2000
2015-12-31 10:26:52.347000,ia-2000-06-06-primary,2000-06-06 00:00:00,2000-06-06 00:00:00,primary,certified,False,STATE REPRESENTATIVE,56,TOTALS,,,,,DEM,,Iowa,ocd-division/country:us/state:ia,423,,,,,2000
2015-12-31 10:26:52.347000,ia-2000-06-06-primary,2000-06-06 00:00:00,2000-06-06 00:00:00,primary,certified,False,STATE REPRESENTATIVE,56,SCATTERING,,,,,DEM,,Iowa,ocd-division/country:us/state:ia,7,,,,True,2000
2015-12-31 10:26:52.347000,ia-2000-06-06-primary,2000-06-06 00:00:00,2000-06-06 00:00:00,primary,certified,False,STATE REPRESENTATIVE,56,DAVID L. GILCHRIST,,,,,DEM,,Iowa,ocd-division/country:us/state:ia,416,,,,,2000
2015-12-31 10:26:52.347000,ia-2000-06-06-primary,2000-06-06 00:00:00,2000-06-06 00:00:00,primary,certified,False,STATE REPRESENTATIVE,53,TOTALS,,,,,REP,,Iowa,ocd-division/country:us/state:ia,19,,,,,2000
2015-12-31 10:26:52.347000,ia-2000-06-06-primary,2000-06-06 00:00:00,2000-06-06 00:00:00,primary,certified,False,STATE REPRESENTATIVE,53,SCATTERING,,,,,REP,,Iowa,ocd-division/country:us/state:ia,19,,,,True,2000
2015-12-31 10:26:52.347000,ia-2000-06-06-primary,2000-06-06 00:00:00,2000-06-06 00:00:00,primary,certified,False,STATE REPRESENTATIVE,53,TOTALS,,,,,DEM,,Iowa,ocd-division/country:us/state:ia,239,,,,,2000
2015-12-31 10:26:52.347000,ia-2000-06-06-primary,2000-06-06 00:00:00,2000-06-06 00:00:00,primary,certified,False,STATE REPRESENTATIVE,53,SCATTERING,,,,,DEM,,Iowa,ocd-division/country:us/state:ia,4,,,,True,2000
2015-12-31 10:26:52.347000,ia-2000-06-06-primary,2000-06-06 00:00:00,2000-06-06 00:00:00,primary,certified,False,STATE REPRESENTATIVE,53,DICK TAYLOR,,,,,DEM,,Iowa,ocd-division/country:us/state:ia,235,,,,,2000
2015-12-31 10:26:52.347000,ia-2000-06-06-primary,2000-06-06 00:00:00,2000-06-06 00:00:00,primary,certified,False,STATE REPRESENTATIVE,50,TOTALS,,,,,REP,,Iowa,ocd-division/country:us/state:ia,9,,,,,2000
2015-12-31 10:26:52.347000,ia-2000-06-06-primary,2000-06-06 00:00:00,2000-06-06 00:00:00,primary,certified,False,STATE REPRESENTATIVE,50,SCATTERING,,,,,REP,,Iowa,ocd-division/country:us/state:ia,9,,,,True,2000
2015-12-31 10:26:52.347000,ia-2000-06-06-primary,2000-06-06 00:00:00,2000-06-06 00:00:00,primary,certified,False,STATE REPRESENTATIVE,50,TOTALS,,,,,DEM,,Iowa,ocd-division/country:us/state:ia,637,,,,,2000
2015-12-31 10:26:52.347000,ia-2000-06-06-primary,2000-06-06 00:00:00,2000-06-06 00:00:00,primary,certified,False,STATE REPRESENTATIVE,50,SCATTERING,,,,,DEM,,Iowa,ocd-division/country:us/state:ia,1,,,,True,2000
2015-12-31 10:26:52.347000,ia-2000-06-06-primary,2000-06-06 00:00:00,2000-06-06 00:00:00,primary,certified,False,STATE REPRESENTATIVE,50,RO FOEGE,,,,,DEM,,Iowa,ocd-division/country:us/state:ia,636,,,,,2000
2015-12-31 10:26:52.347000,ia-2000-06-06-primary,2000-06-06 00:00:00,2000-06-06 00:00:00,primary,certified,False,STATE REPRESENTATIVE,48,TOTALS,,,,,REP,,Iowa,ocd-division/country:us/state:ia,1747,,,,,2000
2015-12-31 10:26:52.347000,ia-2000-06-06-primary,2000-06-06 00:00:00,2000-06-06 00:00:00,primary,certified,False,STATE REPRESENTATIVE,48,SCATTERING,,,,,REP,,Iowa,ocd-division/country:us/state:ia,17,,,,True,2000
2015-12-31 10:26:52.347000,ia-2000-06-06-primary,2000-06-06 00:00:00,2000-06-06 00:00:00,primary,certified,False,STATE REPRESENTATIVE,48,JAMES F. HAHN,,,,,REP,,Iowa,ocd-division/country:us/state:ia,1730,,,,,2000
2015-12-31 10:26:52.347000,ia-2000-06-06-primary,2000-06-06 00:00:00,2000-06-06 00:00:00,primary,certified,False,STATE REPRESENTATIVE,48,TOTALS,,,,,DEM,,Iowa,ocd-division/country:us/state:ia,201,,,,,2000
2015-12-31 10:26:52.347000,ia-2000-06-06-primary,2000-06-06 00:00:00,2000-06-06 00:00:00,primary,certified,False,STATE REPRESENTATIVE,48,SCATTERING,,,,,DEM,,Iowa,ocd-division/country:us/state:ia,11,,,,True,2000
2015-12-31 10:26:52.347000,ia-2000-06-06-primary,2000-06-06 00:00:00,2000-06-06 00:00:00,primary,certified,False,STATE REPRESENTATIVE,48,HENRY F. MARQUARD,,,,,DEM,,Iowa,ocd-division/country:us/state:ia,190,,,,,2000
2015-12-31 10:26:52.347000,ia-2000-06-06-primary,2000-06-06 00:00:00,2000-06-06 00:00:00,primary,certified,False,STATE REPRESENTATIVE,47,TOTALS,,,,,REP,,Iowa,ocd-division/country:us/state:ia,1447,,,,,2000
2015-12-31 10:26:52.347000,ia-2000-06-06-primary,2000-06-06 00:00:00,2000-06-06 00:00:00,primary,certified,False,STATE REPRESENTATIVE,47,SCATTERING,,,,,REP,,Iowa,ocd-division/country:us/state:ia,2,,,,True,2000
2015-12-31 10:26:52.347000,ia-2000-06-06-primary,2000-06-06 00:00:00,2000-06-06 00:00:00,primary,certified,False,STATE REPRESENTATIVE,47,BARRY BRAUNS,,,,,REP,,Iowa,ocd-division/country:us/state:ia,1445,,,,,2000
2015-12-31 10:26:52.347000,ia-2000-06-06-primary,2000-06-06 00:00:00,2000-06-06 00:00:00,primary,certified,False,STATE REPRESENTATIVE,47,TOTALS,,,,,DEM,,Iowa,ocd-division/country:us/state:ia,482,,,,,2000
2015-12-31 10:26:52.347000,ia-2000-06-06-primary,2000-06-06 00:00:00,2000-06-06 00:00:00,primary,certified,False,STATE REPRESENTATIVE,47,SCATTERING,,,,,DEM,,Iowa,ocd-division/country:us/state:ia,2,,,,True,2000
2015-12-31 10:26:52.347000,ia-2000-06-06-primary,2000-06-06 00:00:00,2000-06-06 00:00:00,primary,certified,False,STATE REPRESENTATIVE,47,SALLY STUTSMAN,,,,,DEM,,Iowa,ocd-division/country:us/state:ia,480,,,,,2000
2015-12-31 10:26:52.347000,ia-2000-06-06-primary,2000-06-06 00:00:00,2000-06-06 00:00:00,primary,certified,False,STATE REPRESENTATIVE,46,TOTALS,,,,,REP,,Iowa,ocd-division/country:us/state:ia,10,,,,,2000
2015-12-31 10:26:52.347000,ia-2000-06-06-primary,2000-06-06 00:00:00,2000-06-06 00:00:00,primary,certified,False,STATE REPRESENTATIVE,46,SCATTERING,,,,,REP,,Iowa,ocd-division/country:us/state:ia,10,,,,True,2000
2015-12-31 10:26:52.347000,ia-2000-06-06-primary,2000-06-06 00:00:00,2000-06-06 00:00:00,primary,certified,False,STATE REPRESENTATIVE,46,TOTALS,,,,,DEM,,Iowa,ocd-division/country:us/state:ia,1644,,,,,2000
2015-12-31 10:26:52.347000,ia-2000-06-06-primary,2000-06-06 00:00:00,2000-06-06 00:00:00,primary,certified,False,STATE REPRESENTATIVE,46,SCATTERING,,,,,DEM,,Iowa,ocd-division/country:us/state:ia,22,,,,True,2000
2015-12-31 10:26:52.347000,ia-2000-06-06-primary,2000-06-06 00:00:00,2000-06-06 00:00:00,primary,certified,False,STATE REPRESENTATIVE,46,MARY MASCHER,,,,,DEM,,Iowa,ocd-division/country:us/state:ia,1622,,,,,2000
2015-12-31 10:26:52.347000,ia-2000-06-06-primary,2000-06-06 00:00:00,2000-06-06 00:00:00,primary,certified,False,STATE REPRESENTATIVE,39,TOTALS,,,,,REP,,Iowa,ocd-division/country:us/state:ia,481,,,,,2000
2015-12-31 10:26:52.347000,ia-2000-06-06-primary,2000-06-06 00:00:00,2000-06-06 00:00:00,primary,certified,False,STATE REPRESENTATIVE,39,SCATTERING,,,,,REP,,Iowa,ocd-division/country:us/state:ia,2,,,,True,2000
2015-12-31 10:26:52.347000,ia-2000-06-06-primary,2000-06-06 00:00:00,2000-06-06 00:00:00,primary,certified,False,STATE REPRESENTATIVE,39,DANIEL BODDICKER,,,,,REP,,Iowa,ocd-division/country:us/state:ia,479,,,,,2000
2015-12-31 10:26:52.347000,ia-2000-06-06-primary,2000-06-06 00:00:00,2000-06-06 00:00:00,primary,certified,False,STATE REPRESENTATIVE,39,TOTALS,,,,,DEM,,Iowa,ocd-division/country:us/state:ia,302,,,,,2000
2015-12-31 10:26:52.347000,ia-2000-06-06-primary,2000-06-06 00:00:00,2000-06-06 00:00:00,primary,certified,False,STATE REPRESENTATIVE,39,SCATTERING,,,,,DEM,,Iowa,ocd-division/country:us/state:ia,2,,,,True,2000
2015-12-31 10:26:52.347000,ia-2000-06-06-primary,2000-06-06 00:00:00,2000-06-06 00:00:00,primary,certified,False,STATE REPRESENTATIVE,39,PHYLLIS STUMBO,,,,,DEM,,Iowa,ocd-division/country:us/state:ia,300,,,,,2000
2015-12-31 10:26:52.347000,ia-2000-06-06-primary,2000-06-06 00:00:00,2000-06-06 00:00:00,primary,certified,False,STATE REPRESENTATIVE,37,SCATTERING,,,,,REP,,Iowa,ocd-division/country:us/state:ia,521,,,,True,2000
2015-12-31 10:26:52.347000,ia-2000-06-06-primary,2000-06-06 00:00:00,2000-06-06 00:00:00,primary,certified,False,STATE REPRESENTATIVE,37,CLYDE BRADLEY,,,,,REP,,Iowa,ocd-division/country:us/state:ia,521,,,,,2000
2015-12-31 10:26:52.347000,ia-2000-06-06-primary,2000-06-06 00:00:00,2000-06-06 00:00:00,primary,certified,False,STATE REPRESENTATIVE,37,TOTALS,,,,,DEM,,Iowa,ocd-division/country:us/state:ia,306,,,,,2000
2015-12-31 10:26:52.347000,ia-2000-06-06-primary,2000-06-06 00:00:00,2000-06-06 00:00:00,primary,certified,False,STATE REPRESENTATIVE,37,SCATTERING,,,,,DEM,,Iowa,ocd-division/country:us/state:ia,1,,,,True,2000
2015-12-31 10:26:52.347000,ia-2000-06-06-primary,2000-06-06 00:00:00,2000-06-06 00:00:00,primary,certified,False,STATE REPRESENTATIVE,37,DOUG OLMSTED,,,,,DEM,,Iowa,ocd-division/country:us/state:ia,305,,,,,2000
2015-12-31 10:26:52.347000,ia-2000-06-06-primary,2000-06-06 00:00:00,2000-06-06 00:00:00,primary,certified,False,STATE REPRESENTATIVE,34,TOTALS,,,,,REP,,Iowa,ocd-division/country:us/state:ia,2,,,,,2000
2015-12-31 10:26:52.347000,ia-2000-06-06-primary,2000-06-06 00:00:00,2000-06-06 00:00:00,primary,certified,False,STATE REPRESENTATIVE,34,SCATTERING,,,,,REP,,Iowa,ocd-division/country:us/state:ia,2,,,,True,2000
2015-12-31 10:26:52.347000,ia-2000-06-06-primary,2000-06-06 00:00:00,2000-06-06 00:00:00,primary,certified,False,STATE REPRESENTATIVE,34,TOTALS,,,,,DEM,,Iowa,ocd-division/country:us/state:ia,1594,,,,,2000
2015-12-31 10:26:52.347000,ia-2000-06-06-primary,2000-06-06 00:00:00,2000-06-06 00:00:00,primary,certified,False,STATE REPRESENTATIVE,34,SCATTERING,,,,,DEM,,Iowa,ocd-division/country:us/state:ia,1,,,,True,2000
2015-12-31 10:26:52.347000,ia-2000-06-06-primary,2000-06-06 00:00:00,2000-06-06 00:00:00,primary,certified,False,STATE REPRESENTATIVE,34,ROBERT J. OSTERHAUS,,,,,DEM,,Iowa,ocd-division/country:us/state:ia,1593,,,,,2000
2015-12-31 10:26:52.347000,ia-2000-06-06-primary,2000-06-06 00:00:00,2000-06-06 00:00:00,primary,certified,False,STATE REPRESENTATIVE,33,TOTALS,,,,,REP,,Iowa,ocd-division/country:us/state:ia,2,,,,,2000
2015-12-31 10:26:52.347000,ia-2000-06-06-primary,2000-06-06 00:00:00,2000-06-06 00:00:00,primary,certified,False,STATE REPRESENTATIVE,33,SCATTERING,,,,,REP,,Iowa,ocd-division/country:us/state:ia,2,,,,True,2000
2015-12-31 10:26:52.347000,ia-2000-06-06-primary,2000-06-06 00:00:00,2000-06-06 00:00:00,primary,certified,False,STATE REPRESENTATIVE,33,TOTALS,,,,,DEM,,Iowa,ocd-division/country:us/state:ia,262,,,,,2000
2015-12-31 10:26:52.347000,ia-2000-06-06-primary,2000-06-06 00:00:00,2000-06-06 00:00:00,primary,certified,False,STATE REPRESENTATIVE,33,SCATTERING,,,,,DEM,,Iowa,ocd-division/country:us/state:ia,0,,,,True,2000
2015-12-31 10:26:52.347000,ia-2000-06-06-primary,2000-06-06 00:00:00,2000-06-06 00:00:00,primary,certified,False,STATE REPRESENTATIVE,33,PAUL SCHERRMAN,,,,,DEM,,Iowa,ocd-division/country:us/state:ia,262,,,,,2000
2015-12-31 10:26:52.347000,ia-2000-06-06-primary,2000-06-06 00:00:00,2000-06-06 00:00:00,primary,certified,False,STATE REPRESENTATIVE,32,TOTALS,,,,,REP,,Iowa,ocd-division/country:us/state:ia,1760,,,,,2000
2015-12-31 10:26:52.347000,ia-2000-06-06-primary,2000-06-06 00:00:00,2000-06-06 00:00:00,primary,certified,False,STATE REPRESENTATIVE,32,SCATTERING,,,,,REP,,Iowa,ocd-division/country:us/state:ia,6,,,,True,2000
2015-12-31 10:26:52.347000,ia-2000-06-06-primary,2000-06-06 00:00:00,2000-06-06 00:00:00,primary,certified,False,STATE REPRESENTATIVE,32,LEIGH A. REKOW,,,,,REP,,Iowa,ocd-division/country:us/state:ia,1754,,,,,2000
2015-12-31 10:26:52.347000,ia-2000-06-06-primary,2000-06-06 00:00:00,2000-06-06 00:00:00,primary,certified,False,STATE REPRESENTATIVE,32,TOTALS,,,,,DEM,,Iowa,ocd-division/country:us/state:ia,787,,,,,2000
2015-12-31 10:26:52.347000,ia-2000-06-06-primary,2000-06-06 00:00:00,2000-06-06 00:00:00,primary,certified,False,STATE REPRESENTATIVE,32,SCATTERING,,,,,DEM,,Iowa,ocd-division/country:us/state:ia,0,,,,True,2000
2015-12-31 10:26:52.347000,ia-2000-06-06-primary,2000-06-06 00:00:00,2000-06-06 00:00:00,primary,certified,False,STATE REPRESENTATIVE,32,FRANK PHIPPEN,,,,,DEM,,Iowa,ocd-division/country:us/state:ia,787,,,,,2000
2015-12-31 10:26:52.347000,ia-2000-06-06-primary,2000-06-06 00:00:00,2000-06-06 00:00:00,primary,certified,False,STATE REPRESENTATIVE,31,TOTALS,,,,,REP,,Iowa,ocd-division/country:us/state:ia,2173,,,,,2000
2015-12-31 10:26:52.347000,ia-2000-06-06-primary,2000-06-06 00:00:00,2000-06-06 00:00:00,primary,certified,False,STATE REPRESENTATIVE,31,SCATTERING,,,,,REP,,Iowa,ocd-division/country:us/state:ia,7,,,,True,2000
2015-12-31 10:26:52.347000,ia-2000-06-06-primary,2000-06-06 00:00:00,2000-06-06 00:00:00,primary,certified,False,STATE REPRESENTATIVE,31,CHUCK GIPP,,,,,REP,,Iowa,ocd-division/country:us/state:ia,2166,,,,,2000
2015-12-31 10:26:52.347000,ia-2000-06-06-primary,2000-06-06 00:00:00,2000-06-06 00:00:00,primary,certified,False,STATE REPRESENTATIVE,31,TOTALS,,,,,DEM,,Iowa,ocd-division/country:us/state:ia,7,,,,,2000
2015-12-31 10:26:52.347000,ia-2000-06-06-primary,2000-06-06 00:00:00,2000-06-06 00:00:00,primary,certified,False,STATE REPRESENTATIVE,31,SCATTERING,,,,,DEM,,Iowa,ocd-division/country:us/state:ia,7,,,,True,2000
2015-12-31 10:26:52.347000,ia-2000-06-06-primary,2000-06-06 00:00:00,2000-06-06 00:00:00,primary,certified,False,STATE REPRESENTATIVE,30,TOTALS,,,,,REP,,Iowa,ocd-division/country:us/state:ia,684,,,,,2000
2015-12-31 10:26:52.347000,ia-2000-06-06-primary,2000-06-06 00:00:00,2000-06-06 00:00:00,primary,certified,False,STATE REPRESENTATIVE,30,SCATTERING,,,,,REP,,Iowa,ocd-division/country:us/state:ia,3,,,,True,2000
2015-12-31 10:26:52.347000,ia-2000-06-06-primary,2000-06-06 00:00:00,2000-06-06 00:00:00,primary,certified,False,STATE REPRESENTATIVE,30,ALLEN BORLAUG,,,,,REP,,Iowa,ocd-division/country:us/state:ia,681,,,,,2000
2015-12-31 10:26:52.347000,ia-2000-06-06-primary,2000-06-06 00:00:00,2000-06-06 00:00:00,primary,certified,False,STATE REPRESENTATIVE,30,TOTALS,,,,,DEM,,Iowa,ocd-division/country:us/state:ia,1812,,,,,2000
2015-12-31 10:26:52.347000,ia-2000-06-06-primary,2000-06-06 00:00:00,2000-06-06 00:00:00,primary,certified,False,STATE REPRESENTATIVE,30,SCATTERING,,,,,DEM,,Iowa,ocd-division/country:us/state:ia,6,,,,True,2000
2015-12-31 10:26:52.347000,ia-2000-06-06-primary,2000-06-06 00:00:00,2000-06-06 00:00:00,primary,certified,False,STATE REPRESENTATIVE,30,BRIAN QUIRK,,,,,DEM,,Iowa,ocd-division/country:us/state:ia,1806,,,,,2000
2015-12-31 10:26:52.347000,ia-2000-06-06-primary,2000-06-06 00:00:00,2000-06-06 00:00:00,primary,certified,False,STATE REPRESENTATIVE,29,TOTALS,,,,,REP,,Iowa,ocd-division/country:us/state:ia,931,,,,,2000
2015-12-31 10:26:52.347000,ia-2000-06-06-primary,2000-06-06 00:00:00,2000-06-06 00:00:00,primary,certified,False,STATE REPRESENTATIVE,29,SCATTERING,,,,,REP,,Iowa,ocd-division/country:us/state:ia,8,,,,True,2000
2015-12-31 10:26:52.347000,ia-2000-06-06-primary,2000-06-06 00:00:00,2000-06-06 00:00:00,primary,certified,False,STATE REPRESENTATIVE,29,MAX C. HANDLEY,,,,,REP,,Iowa,ocd-division/country:us/state:ia,923,,,,,2000
2015-12-31 10:26:52.347000,ia-2000-06-06-primary,2000-06-06 00:00:00,2000-06-06 00:00:00,primary,certified,False,STATE REPRESENTATIVE,29,TOTALS,,,,,DEM,,Iowa,ocd-division/country:us/state:ia,322,,,,,2000
2015-12-31 10:26:52.347000,ia-2000-06-06-primary,2000-06-06 00:00:00,2000-06-06 00:00:00,primary,certified,False,STATE REPRESENTATIVE,29,SCATTERING,,,,,DEM,,Iowa,ocd-division/country:us/state:ia,2,,,,True,2000
2015-12-31 10:26:52.347000,ia-2000-06-06-primary,2000-06-06 00:00:00,2000-06-06 00:00:00,primary,certified,False,STATE REPRESENTATIVE,29,MARK A. KUHN,,,,,DEM,,Iowa,ocd-division/country:us/state:ia,320,,,,,2000
2015-12-31 10:26:52.347000,ia-2000-06-06-primary,2000-06-06 00:00:00,2000-06-06 00:00:00,primary,certified,False,STATE REPRESENTATIVE,28,TOTALS,,,,,REP,,Iowa,ocd-division/country:us/state:ia,1646,,,,,2000
2015-12-31 10:26:52.347000,ia-2000-06-06-primary,2000-06-06 00:00:00,2000-06-06 00:00:00,primary,certified,False,STATE REPRESENTATIVE,28,SCATTERING,,,,,REP,,Iowa,ocd-division/country:us/state:ia,4,,,,True,2000
2015-12-31 10:26:52.347000,ia-2000-06-06-primary,2000-06-06 00:00:00,2000-06-06 00:00:00,primary,certified,False,STATE REPRESENTATIVE,28,DANIEL J. RASMUSSEN,,,,,REP,,Iowa,ocd-division/country:us/state:ia,1642,,,,,2000
2015-12-31 10:26:52.347000,ia-2000-06-06-primary,2000-06-06 00:00:00,2000-06-06 00:00:00,primary,certified,False,STATE REPRESENTATIVE,28,TOTALS,,,,,DEM,,Iowa,ocd-division/country:us/state:ia,785,,,,,2000
2015-12-31 10:26:52.347000,ia-2000-06-06-primary,2000-06-06 00:00:00,2000-06-06 00:00:00,primary,certified,False,STATE REPRESENTATIVE,28,SCATTERING,,,,,DEM,,Iowa,ocd-division/country:us/state:ia,1,,,,True,2000
2015-12-31 10:26:52.347000,ia-2000-06-06-primary,2000-06-06 00:00:00,2000-06-06 00:00:00,primary,certified,False,STATE REPRESENTATIVE,28,STEVE FALCK,,,,,DEM,,Iowa,ocd-division/country:us/state:ia,784,,,,,2000
2015-12-31 10:26:52.347000,ia-2000-06-06-primary,2000-06-06 00:00:00,2000-06-06 00:00:00,primary,certified,False,STATE REPRESENTATIVE,27,TOTALS,,,,,REP,,Iowa,ocd-division/country:us/state:ia,1296,,,,,2000
2015-12-31 10:26:52.347000,ia-2000-06-06-primary,2000-06-06 00:00:00,2000-06-06 00:00:00,primary,certified,False,STATE REPRESENTATIVE,27,SCATTERING,,,,,REP,,Iowa,ocd-division/country:us/state:ia,7,,,,True,2000
2015-12-31 10:26:52.347000,ia-2000-06-06-primary,2000-06-06 00:00:00,2000-06-06 00:00:00,primary,certified,False,STATE REPRESENTATIVE,27,MICHAEL D. JAGER,,,,,REP,,Iowa,ocd-division/country:us/state:ia,1289,,,,,2000
2015-12-31 10:26:52.347000,ia-2000-06-06-primary,2000-06-06 00:00:00,2000-06-06 00:00:00,primary,certified,False,STATE REPRESENTATIVE,27,TOTALS,,,,,DEM,,Iowa,ocd-division/country:us/state:ia,469,,,,,2000
2015-12-31 10:26:52.347000,ia-2000-06-06-primary,2000-06-06 00:00:00,2000-06-06 00:00:00,primary,certified,False,STATE REPRESENTATIVE,27,SCATTERING,,,,,DEM,,Iowa,ocd-division/country:us/state:ia,1,,,,True,2000
2015-12-31 10:26:52.347000,ia-2000-06-06-primary,2000-06-06 00:00:00,2000-06-06 00:00:00,primary,certified,False,STATE REPRESENTATIVE,27,ANDRA ATTEBERRY,,,,,DEM,,Iowa,ocd-division/country:us/state:ia,468,,,,,2000
2015-12-31 10:26:52.347000,ia-2000-06-06-primary,2000-06-06 00:00:00,2000-06-06 00:00:00,primary,certified,False,STATE REPRESENTATIVE,22,TOTALS,,,,,REP,,Iowa,ocd-division/country:us/state:ia,613,,,,,2000
2015-12-31 10:26:52.347000,ia-2000-06-06-primary,2000-06-06 00:00:00,2000-06-06 00:00:00,primary,certified,False,STATE REPRESENTATIVE,22,SCATTERING,,,,,REP,,Iowa,ocd-division/country:us/state:ia,5,,,,True,2000
2015-12-31 10:26:52.347000,ia-2000-06-06-primary,2000-06-06 00:00:00,2000-06-06 00:00:00,primary,certified,False,STATE REPRESENTATIVE,22,BOB BRUNKHORST,,,,,REP,,Iowa,ocd-division/country:us/state:ia,608,,,,,2000
2015-12-31 10:26:52.347000,ia-2000-06-06-primary,2000-06-06 00:00:00,2000-06-06 00:00:00,primary,certified,False,STATE REPRESENTATIVE,22,TOTALS,,,,,DEM,,Iowa,ocd-division/country:us/state:ia,253,,,,,2000
2015-12-31 10:26:52.347000,ia-2000-06-06-primary,2000-06-06 00:00:00,2000-06-06 00:00:00,primary,certified,False,STATE REPRESENTATIVE,22,SCATTERING,,,,,DEM,,Iowa,ocd-division/country:us/state:ia,2,,,,True,2000
2015-12-31 10:26:52.347000,ia-2000-06-06-primary,2000-06-06 00:00:00,2000-06-06 00:00:00,primary,certified,False,STATE REPRESENTATIVE,22,LES TEELING,,,,,DEM,,Iowa,ocd-division/country:us/state:ia,251,,,,,2000
2015-12-31 10:26:52.347000,ia-2000-06-06-primary,2000-06-06 00:00:00,2000-06-06 00:00:00,primary,certified,False,STATE REPRESENTATIVE,21,BILL DIX,,,,,REP,,Iowa,ocd-division/country:us/state:ia,2055,,,,,2000
2015-12-31 10:26:52.347000,ia-2000-06-06-primary,2000-06-06 00:00:00,2000-06-06 00:00:00,primary,certified,False,STATE REPRESENTATIVE,21,TOTALS,,,,,DEM,,Iowa,ocd-division/country:us/state:ia,6,,,,,2000
2015-12-31 10:26:52.347000,ia-2000-06-06-primary,2000-06-06 00:00:00,2000-06-06 00:00:00,primary,certified,False,STATE REPRESENTATIVE,21,SCATTERING,,,,,DEM,,Iowa,ocd-division/country:us/state:ia,2049,,,,True,2000
2015-12-31 10:26:52.347000,ia-2000-06-06-primary,2000-06-06 00:00:00,2000-06-06 00:00:00,primary,certified,False,STATE REPRESENTATIVE,18,TOTALS,,,,,REP,,Iowa,ocd-division/country:us/state:ia,2022,,,,,2000
2015-12-31 10:26:52.347000,ia-2000-06-06-primary,2000-06-06 00:00:00,2000-06-06 00:00:00,primary,certified,False,STATE REPRESENTATIVE,18,SCATTERING,,,,,REP,,Iowa,ocd-division/country:us/state:ia,7,,,,True,2000
2015-12-31 10:26:52.347000,ia-2000-06-06-primary,2000-06-06 00:00:00,2000-06-06 00:00:00,primary,certified,False,STATE REPRESENTATIVE,18,STEVE SUKUP,,,,,REP,,Iowa,ocd-division/country:us/state:ia,2015,,,,,2000
2015-12-31 10:26:52.347000,ia-2000-06-06-primary,2000-06-06 00:00:00,2000-06-06 00:00:00,primary,certified,False,STATE REPRESENTATIVE,18,TOTALS,,,,,DEM,,Iowa,ocd-division/country:us/state:ia,84,,,,,2000
2015-12-31 10:26:52.347000,ia-2000-06-06-primary,2000-06-06 00:00:00,2000-06-06 00:00:00,primary,certified,False,STATE REPRESENTATIVE,18,SCATTERING,,,,,DEM,,Iowa,ocd-division/country:us/state:ia,84,,,,True,2000
2015-12-31 10:26:52.347000,ia-2000-06-06-primary,2000-06-06 00:00:00,2000-06-06 00:00:00,primary,certified,False,STATE REPRESENTATIVE,17,TOTALS,,,,,REP,,Iowa,ocd-division/country:us/state:ia,1751,,,,,2000
2015-12-31 10:26:52.347000,ia-2000-06-06-primary,2000-06-06 00:00:00,2000-06-06 00:00:00,primary,certified,False,STATE REPRESENTATIVE,17,SCATTERING,,,,,REP,,Iowa,ocd-division/country:us/state:ia,4,,,,True,2000
2015-12-31 10:26:52.347000,ia-2000-06-06-primary,2000-06-06 00:00:00,2000-06-06 00:00:00,primary,certified,False,STATE REPRESENTATIVE,17,RUSSELL W. TEIG,,,,,REP,,Iowa,ocd-division/country:us/state:ia,1747,,,,,2000
2015-12-31 10:26:52.347000,ia-2000-06-06-primary,2000-06-06 00:00:00,2000-06-06 00:00:00,primary,certified,False,STATE REPRESENTATIVE,17,TOTALS,,,,,DEM,,Iowa,ocd-division/country:us/state:ia,5,,,,,2000
2015-12-31 10:26:52.347000,ia-2000-06-06-primary,2000-06-06 00:00:00,2000-06-06 00:00:00,primary,certified,False,STATE REPRESENTATIVE,17,SCATTERING,,,,,DEM,,Iowa,ocd-division/country:us/state:ia,5,,,,True,2000
2015-12-31 10:26:52.347000,ia-2000-06-06-primary,2000-06-06 00:00:00,2000-06-06 00:00:00,primary,certified,False,STATE REPRESENTATIVE,16,TOTALS,,,,,REP,,Iowa,ocd-division/country:us/state:ia,1402,,,,,2000
2015-12-31 10:26:52.347000,ia-2000-06-06-primary,2000-06-06 00:00:00,2000-06-06 00:00:00,primary,certified,False,STATE REPRESENTATIVE,16,SCATTERING,,,,,REP,,Iowa,ocd-division/country:us/state:ia,6,,,,True,2000
2015-12-31 10:26:52.347000,ia-2000-06-06-primary,2000-06-06 00:00:00,2000-06-06 00:00:00,primary,certified,False,STATE REPRESENTATIVE,16,HENRY RAYHONS,,,,,REP,,Iowa,ocd-division/country:us/state:ia,1396,,,,,2000
2015-12-31 10:26:52.347000,ia-2000-06-06-primary,2000-06-06 00:00:00,2000-06-06 00:00:00,primary,certified,False,STATE REPRESENTATIVE,16,TOTALS,,,,,DEM,,Iowa,ocd-division/country:us/state:ia,13,,,,,2000
2015-12-31 10:26:52.347000,ia-2000-06-06-primary,2000-06-06 00:00:00,2000-06-06 00:00:00,primary,certified,False,STATE REPRESENTATIVE,16,SCATTERING,,,,,DEM,,Iowa,ocd-division/country:us/state:ia,13,,,,True,2000
2015-12-31 10:26:52.347000,ia-2000-06-06-primary,2000-06-06 00:00:00,2000-06-06 00:00:00,primary,certified,False,STATE REPRESENTATIVE,14,TOTALS,,,,,REP,,Iowa,ocd-division/country:us/state:ia,963,,,,,2000
2015-12-31 10:26:52.347000,ia-2000-06-06-primary,2000-06-06 00:00:00,2000-06-06 00:00:00,primary,certified,False,STATE REPRESENTATIVE,14,SCATTERING,,,,,REP,,Iowa,ocd-division/country:us/state:ia,3,,,,True,2000
2015-12-31 10:26:52.347000,ia-2000-06-06-primary,2000-06-06 00:00:00,2000-06-06 00:00:00,primary,certified,False,STATE REPRESENTATIVE,14,GARY E. NELSON,,,,,REP,,Iowa,ocd-division/country:us/state:ia,403,,,,,2000
2015-12-31 10:26:52.347000,ia-2000-06-06-primary,2000-06-06 00:00:00,2000-06-06 00:00:00,primary,certified,False,STATE REPRESENTATIVE,14,GEORGE S. EICHHORN,,,,,REP,,Iowa,ocd-division/country:us/state:ia,557,,,,,2000
2015-12-31 10:26:52.347000,ia-2000-06-06-primary,2000-06-06 00:00:00,2000-06-06 00:00:00,primary,certified,False,STATE REPRESENTATIVE,14,TOTALS,,,,,DEM,,Iowa,ocd-division/country:us/state:ia,413,,,,,2000
2015-12-31 10:26:52.347000,ia-2000-06-06-primary,2000-06-06 00:00:00,2000-06-06 00:00:00,primary,certified,False,STATE REPRESENTATIVE,14,SCATTERING,,,,,DEM,,Iowa,ocd-division/country:us/state:ia,1,,,,True,2000
2015-12-31 10:26:52.347000,ia-2000-06-06-primary,2000-06-06 00:00:00,2000-06-06 00:00:00,primary,certified,False,STATE REPRESENTATIVE,14,CHERRY L. MARSDEN,,,,,DEM,,Iowa,ocd-division/country:us/state:ia,1,,,,,2000
2015-12-31 10:26:52.347000,ia-2000-06-06-primary,2000-06-06 00:00:00,2000-06-06 00:00:00,primary,certified,False,STATE REPRESENTATIVE,12,SCATTERING,,,,,REP,,Iowa,ocd-division/country:us/state:ia,853,,,,True,2000
2015-12-31 10:26:52.347000,ia-2000-06-06-primary,2000-06-06 00:00:00,2000-06-06 00:00:00,primary,certified,False,STATE REPRESENTATIVE,12,CLARENCE HOFFMAN,,,,,REP,,Iowa,ocd-division/country:us/state:ia,853,,,,,2000
2015-12-31 10:26:52.347000,ia-2000-06-06-primary,2000-06-06 00:00:00,2000-06-06 00:00:00,primary,certified,False,STATE REPRESENTATIVE,12,TOTALS,,,,,DEM,,Iowa,ocd-division/country:us/state:ia,7,,,,,2000
2015-12-31 10:26:52.347000,ia-2000-06-06-primary,2000-06-06 00:00:00,2000-06-06 00:00:00,primary,certified,False,STATE REPRESENTATIVE,12,SCATTERING,,,,,DEM,,Iowa,ocd-division/country:us/state:ia,7,,,,True,2000
2015-12-31 10:26:52.347000,ia-2000-06-06-primary,2000-06-06 00:00:00,2000-06-06 00:00:00,primary,certified,False,STATE REPRESENTATIVE,11,TOTALS,,,,,REP,,Iowa,ocd-division/country:us/state:ia,1039,,,,,2000
2015-12-31 10:26:52.347000,ia-2000-06-06-primary,2000-06-06 00:00:00,2000-06-06 00:00:00,primary,certified,False,STATE REPRESENTATIVE,11,SCATTERING,,,,,REP,,Iowa,ocd-division/country:us/state:ia,2,,,,True,2000
2015-12-31 10:26:52.347000,ia-2000-06-06-primary,2000-06-06 00:00:00,2000-06-06 00:00:00,primary,certified,False,STATE REPRESENTATIVE,11,STEVE KETTERING,,,,,REP,,Iowa,ocd-division/country:us/state:ia,1037,,,,,2000
2015-12-31 10:26:52.347000,ia-2000-06-06-primary,2000-06-06 00:00:00,2000-06-06 00:00:00,primary,certified,False,STATE REPRESENTATIVE,11,TOTALS,,,,,DEM,,Iowa,ocd-division/country:us/state:ia,5,,,,,2000
2015-12-31 10:26:52.347000,ia-2000-06-06-primary,2000-06-06 00:00:00,2000-06-06 00:00:00,primary,certified,False,STATE REPRESENTATIVE,11,SCATTERING,,,,,DEM,,Iowa,ocd-division/country:us/state:ia,5,,,,True,2000
2015-12-31 10:26:52.347000,ia-2000-06-06-primary,2000-06-06 00:00:00,2000-06-06 00:00:00,primary,certified,False,STATE REPRESENTATIVE,10,TOTALS,,,,,REP,,Iowa,ocd-division/country:us/state:ia,794,,,,,2000
2015-12-31 10:26:52.347000,ia-2000-06-06-primary,2000-06-06 00:00:00,2000-06-06 00:00:00,primary,certified,False,STATE REPRESENTATIVE,10,SCATTERING,,,,,REP,,Iowa,ocd-division/country:us/state:ia,18,,,,True,2000
2015-12-31 10:26:52.347000,ia-2000-06-06-primary,2000-06-06 00:00:00,2000-06-06 00:00:00,primary,certified,False,STATE REPRESENTATIVE,10,RUSSELL EDDIE,,,,,REP,,Iowa,ocd-division/country:us/state:ia,776,,,,,2000
2015-12-31 10:26:52.347000,ia-2000-06-06-primary,2000-06-06 00:00:00,2000-06-06 00:00:00,primary,certified,False,STATE REPRESENTATIVE,10,TOTALS,,,,,DEM,,Iowa,ocd-division/country:us/state:ia,304,,,,,2000
2015-12-31 10:26:52.347000,ia-2000-06-06-primary,2000-06-06 00:00:00,2000-06-06 00:00:00,primary,certified,False,STATE REPRESENTATIVE,10,SCATTERING,,,,,DEM,,Iowa,ocd-division/country:us/state:ia,5,,,,True,2000
2015-12-31 10:26:52.347000,ia-2000-06-06-primary,2000-06-06 00:00:00,2000-06-06 00:00:00,primary,certified,False,STATE REPRESENTATIVE,10,SUE MORROW,,,,,DEM,,Iowa,ocd-division/country:us/state:ia,299,,,,,2000
2015-12-31 10:26:52.347000,ia-2000-06-06-primary,2000-06-06 00:00:00,2000-06-06 00:00:00,primary,certified,False,STATE REPRESENTATIVE,9,TOTALS,,,,,REP,,Iowa,ocd-division/country:us/state:ia,1934,,,,,2000
2015-12-31 10:26:52.347000,ia-2000-06-06-primary,2000-06-06 00:00:00,2000-06-06 00:00:00,primary,certified,False,STATE REPRESENTATIVE,9,SCATTERING,,,,,REP,,Iowa,ocd-division/country:us/state:ia,6,,,,True,2000
2015-12-31 10:26:52.347000,ia-2000-06-06-primary,2000-06-06 00:00:00,2000-06-06 00:00:00,primary,certified,False,STATE REPRESENTATIVE,9,DAN HUSEMAN,,,,,REP,,Iowa,ocd-division/country:us/state:ia,1928,,,,,2000
2015-12-31 10:26:52.347000,ia-2000-06-06-primary,2000-06-06 00:00:00,2000-06-06 00:00:00,primary,certified,False,STATE REPRESENTATIVE,9,TOTALS,,,,,DEM,,Iowa,ocd-division/country:us/state:ia,802,,,,,2000
2015-12-31 10:26:52.347000,ia-2000-06-06-primary,2000-06-06 00:00:00,2000-06-06 00:00:00,primary,certified,False,STATE REPRESENTATIVE,9,SCATTERING,,,,,DEM,,Iowa,ocd-division/country:us/state:ia,5,,,,True,2000
2015-12-31 10:26:52.347000,ia-2000-06-06-primary,2000-06-06 00:00:00,2000-06-06 00:00:00,primary,certified,False,STATE REPRESENTATIVE,9,ROBERT E. BYERS,,,,,DEM,,Iowa,ocd-division/country:us/state:ia,797,,,,,2000
2015-12-31 10:26:52.347000,ia-2000-06-06-primary,2000-06-06 00:00:00,2000-06-06 00:00:00,primary,certified,False,STATE REPRESENTATIVE,8,SCATTERING,,,,,REP,,Iowa,ocd-division/country:us/state:ia,1961,,,,True,2000
2015-12-31 10:26:52.347000,ia-2000-06-06-primary,2000-06-06 00:00:00,2000-06-06 00:00:00,primary,certified,False,STATE REPRESENTATIVE,8,MIKE SCOTT,,,,,REP,,Iowa,ocd-division/country:us/state:ia,2,,,,,2000
2015-12-31 10:26:52.347000,ia-2000-06-06-primary,2000-06-06 00:00:00,2000-06-06 00:00:00,primary,certified,False,STATE REPRESENTATIVE,8,TOTALS,,,,,DEM,,Iowa,ocd-division/country:us/state:ia,1959,,,,,2000
2015-12-31 10:26:52.347000,ia-2000-06-06-primary,2000-06-06 00:00:00,2000-06-06 00:00:00,primary,certified,False,STATE REPRESENTATIVE,8,SCATTERING,,,,,DEM,,Iowa,ocd-division/country:us/state:ia,745,,,,True,2000
2015-12-31 10:26:52.347000,ia-2000-06-06-primary,2000-06-06 00:00:00,2000-06-06 00:00:00,primary,certified,False,STATE REPRESENTATIVE,8,MARCELLA R. FREVERT,,,,,DEM,,Iowa,ocd-division/country:us/state:ia,745,,,,,2000
2015-12-31 10:26:52.347000,ia-2000-06-06-primary,2000-06-06 00:00:00,2000-06-06 00:00:00,primary,certified,False,STATE REPRESENTATIVE,7,TOTALS,,,,,REP,,Iowa,ocd-division/country:us/state:ia,985,,,,,2000
2015-12-31 10:26:52.347000,ia-2000-06-06-primary,2000-06-06 00:00:00,2000-06-06 00:00:00,primary,certified,False,STATE REPRESENTATIVE,7,SCATTERING,,,,,REP,,Iowa,ocd-division/country:us/state:ia,4,,,,True,2000
2015-12-31 10:26:52.347000,ia-2000-06-06-primary,2000-06-06 00:00:00,2000-06-06 00:00:00,primary,certified,False,STATE REPRESENTATIVE,7,TERRY SLIGHT,,,,,REP,,Iowa,ocd-division/country:us/state:ia,981,,,,,2000
2015-12-31 10:26:52.347000,ia-2000-06-06-primary,2000-06-06 00:00:00,2000-06-06 00:00:00,primary,certified,False,STATE REPRESENTATIVE,7,TOTALS,,,,,DEM,,Iowa,ocd-division/country:us/state:ia,709,,,,,2000
2015-12-31 10:26:52.347000,ia-2000-06-06-primary,2000-06-06 00:00:00,2000-06-06 00:00:00,primary,certified,False,STATE REPRESENTATIVE,7,SCATTERING,,,,,DEM,,Iowa,ocd-division/country:us/state:ia,1,,,,True,2000
2015-12-31 10:26:52.347000,ia-2000-06-06-primary,2000-06-06 00:00:00,2000-06-06 00:00:00,primary,certified,False,STATE REPRESENTATIVE,7,GREG STEVENS,,,,,DEM,,Iowa,ocd-division/country:us/state:ia,708,,,,,2000
2015-12-31 10:26:52.347000,ia-2000-06-06-primary,2000-06-06 00:00:00,2000-06-06 00:00:00,primary,certified,False,STATE REPRESENTATIVE,4,TOTALS,,,,,REP,,Iowa,ocd-division/country:us/state:ia,1521,,,,,2000
2015-12-31 10:26:52.347000,ia-2000-06-06-primary,2000-06-06 00:00:00,2000-06-06 00:00:00,primary,certified,False,STATE REPRESENTATIVE,4,SCATTERING,,,,,REP,,Iowa,ocd-division/country:us/state:ia,1,,,,True,2000
2015-12-31 10:26:52.347000,ia-2000-06-06-primary,2000-06-06 00:00:00,2000-06-06 00:00:00,primary,certified,False,STATE REPRESENTATIVE,4,RALPH F. KLEMME,,,,,REP,,Iowa,ocd-division/country:us/state:ia,1520,,,,,2000
2015-12-31 10:26:52.347000,ia-2000-06-06-primary,2000-06-06 00:00:00,2000-06-06 00:00:00,primary,certified,False,STATE REPRESENTATIVE,4,TOTALS,,,,,DEM,,Iowa,ocd-division/country:us/state:ia,2,,,,,2000
2015-12-31 10:26:52.347000,ia-2000-06-06-primary,2000-06-06 00:00:00,2000-06-06 00:00:00,primary,certified,False,STATE REPRESENTATIVE,4,SCATTERING,,,,,DEM,,Iowa,ocd-division/country:us/state:ia,2,,,,True,2000
2015-12-31 10:26:52.347000,ia-2000-06-06-primary,2000-06-06 00:00:00,2000-06-06 00:00:00,primary,certified,False,U.S. REPRESENTATIVE,5,TOTALS,,,,,REP,,Iowa,ocd-division/country:us/state:ia,24992,,,,,2000
2015-12-31 10:26:52.347000,ia-2000-06-06-primary,2000-06-06 00:00:00,2000-06-06 00:00:00,primary,certified,False,U.S. REPRESENTATIVE,5,SCATTERING,,,,,REP,,Iowa,ocd-division/country:us/state:ia,18,,,,True,2000
2015-12-31 10:26:52.347000,ia-2000-06-06-primary,2000-06-06 00:00:00,2000-06-06 00:00:00,primary,certified,False,U.S. REPRESENTATIVE,5,TOM LATHAM,,,,,REP,,Iowa,ocd-division/country:us/state:ia,22516,,,,,2000
2015-12-31 10:26:52.347000,ia-2000-06-06-primary,2000-06-06 00:00:00,2000-06-06 00:00:00,primary,certified,False,U.S. REPRESENTATIVE,5,THOMAS D. HALL,,,,,REP,,Iowa,ocd-division/country:us/state:ia,2458,,,,,2000
2015-12-31 10:26:52.347000,ia-2000-06-06-primary,2000-06-06 00:00:00,2000-06-06 00:00:00,primary,certified,False,U.S. REPRESENTATIVE,5,TOTALS,,,,,DEM,,Iowa,ocd-division/country:us/state:ia,10608,,,,,2000
2015-12-31 10:26:52.347000,ia-2000-06-06-primary,2000-06-06 00:00:00,2000-06-06 00:00:00,primary,certified,False,U.S. REPRESENTATIVE,5,SCATTERING,,,,,DEM,,Iowa,ocd-division/country:us/state:ia,31,,,,True,2000
2015-12-31 10:26:52.347000,ia-2000-06-06-primary,2000-06-06 00:00:00,2000-06-06 00:00:00,primary,certified,False,U.S. REPRESENTATIVE,5,MIKE PALECEK,,,,,DEM,,Iowa,ocd-division/country:us/state:ia,5790,,,,,2000
2015-12-31 10:26:52.347000,ia-2000-06-06-primary,2000-06-06 00:00:00,2000-06-06 00:00:00,primary,certified,False,U.S. REPRESENTATIVE,5,CONRAD LAWLOR,,,,,DEM,,Iowa,ocd-division/country:us/state:ia,4787,,,,,2000
2015-12-31 10:26:52.347000,ia-2000-06-06-primary,2000-06-06 00:00:00,2000-06-06 00:00:00,primary,certified,False,U.S. REPRESENTATIVE,4,TOTALS,,,,,REP,,Iowa,ocd-division/country:us/state:ia,17406,,,,,2000
2015-12-31 10:26:52.347000,ia-2000-06-06-primary,2000-06-06 00:00:00,2000-06-06 00:00:00,primary,certified,False,U.S. REPRESENTATIVE,4,SCATTERING,,,,,REP,,Iowa,ocd-division/country:us/state:ia,105,,,,True,2000
2015-12-31 10:26:52.347000,ia-2000-06-06-primary,2000-06-06 00:00:00,2000-06-06 00:00:00,primary,certified,False,U.S. REPRESENTATIVE,4,GREG GANSKE,,,,,REP,,Iowa,ocd-division/country:us/state:ia,17301,,,,,2000
2015-12-31 10:26:52.347000,ia-2000-06-06-primary,2000-06-06 00:00:00,2000-06-06 00:00:00,primary,certified,False,U.S. REPRESENTATIVE,4,TOTALS,,,,,DEM,,Iowa,ocd-division/country:us/state:ia,17493,,,,,2000
2015-12-31 10:26:52.347000,ia-2000-06-06-primary,2000-06-06 00:00:00,2000-06-06 00:00:00,primary,certified,False,U.S. REPRESENTATIVE,4,SCATTERING,,,,,DEM,,Iowa,ocd-division/country:us/state:ia,169,,,,True,2000
2015-12-31 10:26:52.347000,ia-2000-06-06-primary,2000-06-06 00:00:00,2000-06-06 00:00:00,primary,certified,False,U.S. REPRESENTATIVE,4,MICHAEL L. HUSTON,,,,,DEM,,Iowa,ocd-division/country:us/state:ia,17324,,,,,2000
2015-12-31 10:26:52.347000,ia-2000-06-06-primary,2000-06-06 00:00:00,2000-06-06 00:00:00,primary,certified,False,U.S. REPRESENTATIVE,3,TOTALS,,,,,REP,,Iowa,ocd-division/country:us/state:ia,21732,,,,,2000
2015-12-31 10:26:52.347000,ia-2000-06-06-primary,2000-06-06 00:00:00,2000-06-06 00:00:00,primary,certified,False,U.S. REPRESENTATIVE,3,SCATTERING,,,,,REP,,Iowa,ocd-division/country:us/state:ia,78,,,,True,2000
2015-12-31 10:26:52.347000,ia-2000-06-06-primary,2000-06-06 00:00:00,2000-06-06 00:00:00,primary,certified,False,U.S. REPRESENTATIVE,3,JAY MARCUS,,,,,REP,,Iowa,ocd-division/country:us/state:ia,11103,,,,,2000
2015-12-31 10:26:52.347000,ia-2000-06-06-primary,2000-06-06 00:00:00,2000-06-06 00:00:00,primary,certified,False,U.S. REPRESENTATIVE,3,PHILIP K. FERREN,,,,,REP,,Iowa,ocd-division/country:us/state:ia,10551,,,,,2000
2015-12-31 10:26:52.347000,ia-2000-06-06-primary,2000-06-06 00:00:00,2000-06-06 00:00:00,primary,certified,False,U.S. REPRESENTATIVE,3,TOTALS,,,,,DEM,,Iowa,ocd-division/country:us/state:ia,20310,,,,,2000
2015-12-31 10:26:52.347000,ia-2000-06-06-primary,2000-06-06 00:00:00,2000-06-06 00:00:00,primary,certified,False,U.S. REPRESENTATIVE,3,SCATTERING,,,,,DEM,,Iowa,ocd-division/country:us/state:ia,106,,,,True,2000
2015-12-31 10:26:52.347000,ia-2000-06-06-primary,2000-06-06 00:00:00,2000-06-06 00:00:00,primary,certified,False,U.S. REPRESENTATIVE,3,LEONARD L. BOSWELL,,,,,DEM,,Iowa,ocd-division/country:us/state:ia,20204,,,,,2000
2015-12-31 10:26:52.347000,ia-2000-06-06-primary,2000-06-06 00:00:00,2000-06-06 00:00:00,primary,certified,False,U.S. REPRESENTATATIVE,2,TOTALS,,,,,REP,,Iowa,ocd-division/country:us/state:ia,20403,,,,,2000
2015-12-31 10:26:52.347000,ia-2000-06-06-primary,2000-06-06 00:00:00,2000-06-06 00:00:00,primary,certified,False,U.S. REPRESENTATATIVE,2,SCATTERING,,,,,REP,,Iowa,ocd-division/country:us/state:ia,118,,,,True,2000
2015-12-31 10:26:52.347000,ia-2000-06-06-primary,2000-06-06 00:00:00,2000-06-06 00:00:00,primary,certified,False,U.S. REPRESENTATATIVE,2,JIM NUSSLE,,,,,REP,,Iowa,ocd-division/country:us/state:ia,20282,,,,,2000
2015-12-31 10:26:52.347000,ia-2000-06-06-primary,2000-06-06 00:00:00,2000-06-06 00:00:00,primary,certified,False,U.S. REPRESENTATATIVE,2,TOTALS,,,,,DEM,,Iowa,ocd-division/country:us/state:ia,11610,,,,,2000
2015-12-31 10:26:52.347000,ia-2000-06-06-primary,2000-06-06 00:00:00,2000-06-06 00:00:00,primary,certified,False,U.S. REPRESENTATATIVE,2,SCATTERING,,,,,DEM,,Iowa,ocd-division/country:us/state:ia,54,,,,True,2000
2015-12-31 10:26:52.347000,ia-2000-06-06-primary,2000-06-06 00:00:00,2000-06-06 00:00:00,primary,certified,False,U.S. REPRESENTATATIVE,2,DONNA L. SMITH,,,,,DEM,,Iowa,ocd-division/country:us/state:ia,11556,,,,,2000
2015-12-31 10:26:52.347000,ia-2000-06-06-primary,2000-06-06 00:00:00,2000-06-06 00:00:00,primary,certified,False,U.S. REPRESENTATIVE,1,TOTALS,,,,,REP,,Iowa,ocd-division/country:us/state:ia,12101,,,,,2000
2015-12-31 10:26:52.347000,ia-2000-06-06-primary,2000-06-06 00:00:00,2000-06-06 00:00:00,primary,certified,False,U.S. REPRESENTATIVE,1,SCATTERING,,,,,REP,,Iowa,ocd-division/country:us/state:ia,91,,,,True,2000
2015-12-31 10:26:52.347000,ia-2000-06-06-primary,2000-06-06 00:00:00,2000-06-06 00:00:00,primary,certified,False,U.S. REPRESENTATIVE,1,JIM LEACH,,,,,REP,,Iowa,ocd-division/country:us/state:ia,12010,,,,,2000
2015-12-31 10:26:52.347000,ia-2000-06-06-primary,2000-06-06 00:00:00,2000-06-06 00:00:00,primary,certified,False,U.S. REPRESENTATIVE,1,TOTALS,,,,,DEM,,Iowa,ocd-division/country:us/state:ia,9104,,,,,2000
2015-12-31 10:26:52.347000,ia-2000-06-06-primary,2000-06-06 00:00:00,2000-06-06 00:00:00,primary,certified,False,U.S. REPRESENTATIVE,1,SCATTERING,,,,,DEM,,Iowa,ocd-division/country:us/state:ia,86,,,,True,2000
2015-12-31 10:26:52.347000,ia-2000-06-06-primary,2000-06-06 00:00:00,2000-06-06 00:00:00,primary,certified,False,U.S. REPRESENTATIVE,1,BOB SIMPSON,,,,,DEM,,Iowa,ocd-division/country:us/state:ia,5865,,,,,2000
2015-12-31 10:26:52.347000,ia-2000-06-06-primary,2000-06-06 00:00:00,2000-06-06 00:00:00,primary,certified,False,U.S. REPRESENTATIVE,1,GREGORY T. GUY,,,,,DEM,,Iowa,ocd-division/country:us/state:ia,3153,,,,,2000
